<?xml version="1.0" encoding="UTF-8"?>
<services xmlns="http://www.demandware.com/xml/impex/services/2014-09-26">

    <service-credential service-credential-id="bring.pickuppoints.credential">
        <url>https://api.bring.com/pickuppoint/api/pickuppoint</url>
        <user-id/>
        <password masked="true">********</password>
    </service-credential>

    <service-profile service-profile-id="bring.pickuppoints.profile">
        <timeout-millis>1000</timeout-millis>
        <rate-limit-enabled>false</rate-limit-enabled>
        <rate-limit-calls>0</rate-limit-calls>
        <rate-limit-millis>0</rate-limit-millis>
        <cb-enabled>false</cb-enabled>
        <cb-calls>0</cb-calls>
        <cb-millis>0</cb-millis>
    </service-profile>

    <service service-id="bring.pickuppoints.http.get">
        <service-type>HTTP</service-type>
        <enabled>true</enabled>
        <log-prefix/>
        <comm-log-enabled>false</comm-log-enabled>
        <mock-mode-enabled>false</mock-mode-enabled>
        <profile-id>bring.pickuppoints.profile</profile-id>
        <credential-id>bring.pickuppoints.credential</credential-id>
    </service>

</services>
