<?xml version="1.0" encoding="UTF-8"?>
<metadata xmlns="http://www.demandware.com/xml/impex/metadata/2006-10-31">
    <type-extension type-id="SitePreferences">
        <custom-attribute-definitions>
            <attribute-definition attribute-id="bringDefaultCountryCode">
                <display-name xml:lang="x-default">Default Country Code</display-name>
                <type>string</type>
                <mandatory-flag>false</mandatory-flag>
                <externally-managed-flag>false</externally-managed-flag>
                <min-length>0</min-length>
                <default-value>DK</default-value>
            </attribute-definition>
            <attribute-definition attribute-id="bringMaxNoOfResults">
                <display-name xml:lang="x-default">Bring Max No Of Results</display-name>
                <description xml:lang="x-default">Max no of results to be fetched from Bring API call</description>
                <type>int</type>
                <mandatory-flag>false</mandatory-flag>
                <externally-managed-flag>false</externally-managed-flag>
            </attribute-definition>
            <attribute-definition attribute-id="enableBring">
                <display-name xml:lang="x-default">Enable Bring Service</display-name>
                <type>enum-of-string</type>
                <mandatory-flag>false</mandatory-flag>
                <externally-managed-flag>false</externally-managed-flag>
                <value-definitions>
                    <value-definition default="true">
                        <display xml:lang="x-default">yes</display>
                        <value>yes</value>
                    </value-definition>
                    <value-definition>
                        <display xml:lang="x-default">no</display>
                        <value>no</value>
                    </value-definition>
                </value-definitions>
            </attribute-definition>
            <attribute-definition attribute-id="googleMapsAPIUrl">
                <display-name xml:lang="x-default">Google Maps API Url</display-name>
                <type>string</type>
                <mandatory-flag>false</mandatory-flag>
                <externally-managed-flag>false</externally-managed-flag>
                <min-length>0</min-length>
                <default-value>https://maps.googleapis.com/maps/api/js</default-value>
            </attribute-definition>
        </custom-attribute-definitions>
        <group-definitions>
            <attribute-group group-id="BringAPI">
                <display-name xml:lang="x-default">Bring API</display-name>
                <attribute attribute-id="enableBring"/>
                <attribute attribute-id="bringDefaultCountryCode"/>
                <attribute attribute-id="googleMapsAPIUrl"/>
                <attribute attribute-id="bringMaxNoOfResults"/>
            </attribute-group>
        </group-definitions>
    </type-extension>
</metadata>
